<?xml version="1.0" encoding="UTF-8" ?>
<!DOCTYPE mapper PUBLIC "-//mybatis.org//DTD Mapper 3.0//EN" "http://mybatis.org/dtd/mybatis-3-mapper.dtd" >
<mapper namespace="cn.itcast.core.dao.CustomerDao">

	<sql id="selectCustomerListWhere">
		<where>
	      <if test="cust_name != null" >
	        cust_name like "%"#{cust_name}"%"
	      </if>
	      <if test="cust_source != null" >
	        and cust_source = #{cust_source}
	      </if>
	      <if test="cust_industry != null" >
	        and cust_industry = #{cust_industry}
	      </if>
	      <if test="cust_level != null" >
	        and cust_level = #{cust_level}
	      </if>
    	</where>
	</sql>
	<select id="selectCustomerList" parameterType="customer" resultType="customer">
		SELECT
			cust_id,
			cust_name,
			cust_user_id,
			cust_create_id,
			b.dict_item_name cust_source,
			c.dict_item_name cust_industry,
			d.dict_item_name cust_level,
			cust_linkman,
			cust_phone,
			cust_mobile,
			cust_createtime
		FROM
			customer a
		LEFT JOIN (
			SELECT
				dict_id,
				dict_item_name
			FROM
				base_dict
			WHERE
				dict_type_code = '002'
		) b ON a.cust_source = b.dict_id
		LEFT JOIN (
			SELECT
				dict_id,
				dict_item_name
			FROM
				base_dict
			WHERE
				dict_type_code = '001'
		) c ON a.cust_industry = c.dict_id
		LEFT JOIN (
			SELECT
				dict_id,
				dict_item_name
			FROM
				base_dict
			WHERE
				dict_type_code = '006'
		) d ON a.cust_level = d.dict_id order by cust_createtime desc
		<include refid="selectCustomerListWhere"/>
		<if test="start !=null and rows != null">
			limit #{start},#{rows}
		</if>
	</select>
	<select id="selectCustomerListCount" parameterType="customer" resultType="int">
		select count(*)
		from customer
		<include refid="selectCustomerListWhere"/>
	</select>	
	
	<select id="getCustomerById" parameterType="long" resultType="customer">
		select * from customer where cust_id = #{id}
	</select>
	<update id="updateCustomer" parameterType="customer">
		update customer
		<set>
			<if test="cust_name!=null">
				cust_name=#{cust_name},
			</if>
			<if test="cust_user_id!=null">
				cust_user_id=#{cust_user_id},
			</if>
			<if test="cust_create_id!=null">
				cust_create_id=#{cust_create_id},
			</if>
			<if test="cust_source!=null">
				cust_source=#{cust_source},
			</if>
			<if test="cust_industry!=null">
				cust_industry=#{cust_industry},
			</if>
			<if test="cust_level!=null">
				cust_level=#{cust_level},
			</if>
			<if test="cust_linkman!=null">
				cust_linkman=#{cust_linkman},
			</if>
			<if test="cust_phone!=null">
				cust_phone=#{cust_phone},
			</if>
			<if test="cust_mobile!=null">
				cust_mobile=#{cust_mobile},
			</if>
			<if test="cust_zipcode!=null">
				cust_zipcode=#{cust_zipcode},
			</if>
			<if test="cust_address!=null">
				cust_address=#{cust_address},
			</if>
			<if test="cust_createtime!=null">
				cust_createtime=#{cust_createtime},
			</if>
		</set>
		where cust_id=#{cust_id}
	</update>
	<delete id="deleteCustomer" parameterType="long">
		delete from customer where cust_id=#{id}
	</delete>
	<insert id="insertCustomer" parameterType="customer">
		INSERT INTO customer VALUES (#{cust_id}, #{cust_name}, #{cust_user_id}, #{cust_create_id}, #{cust_source}, #{cust_industry}, #{cust_level}, #{cust_linkman}, #{cust_phone}, #{cust_mobile}, #{cust_zipcode}, #{cust_address}, #{cust_createtime});

	</insert>

</mapper>