<?xml version="1.0" encoding="UTF-8" ?>
<!DOCTYPE mapper PUBLIC "-//mybatis.org//DTD Mapper 3.0//EN" "http://mybatis.org/dtd/mybatis-3-mapper.dtd" >
<mapper namespace="cn.itcast.core.dao.IUserDao" >
  <resultMap id="BaseResultMap" type="cn.itcast.core.bean.User" >
    <id column="id" property="id" jdbcType="INTEGER" />
    <result column="user_name" property="user_name" jdbcType="VARCHAR" />
    <result column="password" property="password" jdbcType="VARCHAR" />
    <result column="age" property="age" jdbcType="INTEGER" />
    <result column="deptid" property="deptid" jdbcType="VARCHAR" />
    <result column="deptidname" property="deptidname" jdbcType="VARCHAR" />
    <result column="createdate" property="createdate" jdbcType="VARCHAR" />
    <result column="persontype" property="persontype" jdbcType="VARCHAR" />
    <result column="name" property="name" jdbcType="VARCHAR" />
    <result column="tellphone" property="tellphone" jdbcType="VARCHAR" />
    <result column="email" property="email" jdbcType="VARCHAR" />
    <result column="isdisable" property="isdisable" jdbcType="VARCHAR" />
    <result column="updatedate" property="updatedate" jdbcType="VARCHAR" />
  </resultMap>
  <sql id="Base_Column_List" >
    id, user_name, password, age, deptid, deptidname, createdate, persontype, name, tellphone, email, isdisable
  </sql>
  <select id="selectByPrimaryKey" resultMap="BaseResultMap" parameterType="java.lang.Integer" >
    select 
    <include refid="Base_Column_List" />
    from user_t
    where id = #{id,jdbcType=INTEGER}
  </select>
  <delete id="deleteByPrimaryKey" parameterType="java.lang.Integer" >
    delete from user_t
    where id = #{id,jdbcType=INTEGER}
  </delete>
  <insert id="insert" parameterType="cn.itcast.core.bean.User" >
    insert into user_t (id, user_name, password, 
      age,deptid,deptidname,createdate,persontype,name,tellphone,email,isdisable)
    values (#{id,jdbcType=INTEGER}, #{user_name,jdbcType=VARCHAR}, #{password,jdbcType=VARCHAR}, 
      #{age,jdbcType=INTEGER},#{deptid,jdbcType=VARCHAR},#{deptidname,jdbcType=VARCHAR},#{createdate,jdbcType=VARCHAR},
      #{persontype,jdbcType=VARCHAR},#{name,jdbcType=VARCHAR},#{tellphone,jdbcType=VARCHAR},#{email,jdbcType=VARCHAR},
      #{isdisable,jdbcType=VARCHAR})
  </insert>
  <insert id="insertSelective" parameterType="cn.itcast.core.bean.User" >
    insert into user_t
    <trim prefix="(" suffix=")" suffixOverrides="," >
      <if test="id != null" >
        id,
      </if>
      <if test="user_name != null" >
        user_name,
      </if>
      <if test="password != null" >
        password,
      </if>
      <if test="age != null" >
        age,
      </if>
    </trim>
    <trim prefix="values (" suffix=")" suffixOverrides="," >
      <if test="id != null" >
        #{id,jdbcType=INTEGER},
      </if>
      <if test="user_name != null" >
        #{user_name,jdbcType=VARCHAR},
      </if>
      <if test="password != null" >
        #{password,jdbcType=VARCHAR},
      </if>
      <if test="age != null" >
        #{age,jdbcType=INTEGER},
      </if>
    </trim>
  </insert>
  <update id="updateByPrimaryKeySelective" parameterType="cn.itcast.core.bean.User" >
    update user_t
    <set >
      <if test="user_name != null" >
        user_name = #{user_name,jdbcType=VARCHAR},
      </if>
      <if test="password != null" >
        password = #{password,jdbcType=VARCHAR},
      </if>
      <if test="age != null" >
        age = #{age,jdbcType=INTEGER},
      </if>
    </set>
    where id = #{id,jdbcType=INTEGER}
  </update>
  <!-- 修改用户信息 -->
  <update id="updateByPrimaryKey" parameterType="cn.itcast.core.bean.User" >
    update user_t
    set name = #{name,jdbcType=VARCHAR},
      deptid = #{deptid,jdbcType=VARCHAR},
      persontype = #{persontype,jdbcType=VARCHAR},
      tellphone = #{tellphone,jdbcType=VARCHAR},
      email = #{email,jdbcType=VARCHAR},
      isdisable = #{isdisable,jdbcType=VARCHAR},
      updatedate = #{updatedate,jdbcType=VARCHAR} 
    where id = #{id,jdbcType=INTEGER}
  </update>
  
  <select id="findUser" resultType="cn.itcast.core.bean.User" parameterType="cn.itcast.core.bean.User" >
    select 
    <include refid="Base_Column_List" />
    from user_t
    where user_name = #{user_name,jdbcType=VARCHAR} AND password = #{password,jdbcType=VARCHAR}
  </select>
  
  <select id="findbyname" resultType="cn.itcast.core.bean.User" parameterType="cn.itcast.core.bean.User" >
    select 
    <include refid="Base_Column_List" />
    from user_t
    where user_name = #{user_name,jdbcType=VARCHAR}
  </select>
  
  <select id="selectUserList" resultType="cn.itcast.core.bean.User" parameterType="cn.itcast.core.bean.User" >
    select 
    <include refid="Base_Column_List" />
    from user_t
    <where>
	      <if test="name != null" >
	        name like #{name}
	      </if>
	      <if test="deptid != null" >
	        and deptid = #{deptid} 
	      </if>
    	</where>
    	order by id asc
    <if test="start !=null and rows != null">
			limit #{start},#{rows}
	</if>
  </select>
  
  <select id="selectUserListCount" resultType="int" parameterType="cn.itcast.core.bean.User" >
    select count(*)
    from user_t    
    <where>
	      <if test="name != null" >
	        name like #{name}
	      </if>
	      <if test="deptid != null" >
	        and deptid = #{deptid}
	      </if>
    	</where>
  </select>
  
  <delete id="DeleteUser" parameterType="int">
		delete from user_t where
		<foreach item="chk_value" collection="array" open="id in ("
            separator="," close=")">
            #{chk_value}
        </foreach>
	</delete>
	<!-- 查询一级菜单 -->
	<select id="selectMenuList" resultType="cn.itcast.core.bean.Menu" parameterType="cn.itcast.core.bean.Menu" >
    select 
    id,menuid,menuname,parentid,level,menuurl,isshow,sortid,createdate
    from menu where level = '1' order by sortid
    <!-- where user_name = #{user_name,jdbcType=VARCHAR} -->
    </select>
  
    <!-- 查询二级菜单 -->
	<select id="FindMenuList" resultType="cn.itcast.core.bean.Menu" parameterType="cn.itcast.core.bean.Menu" >
    select 
    id,menuid,menuname,parentid,level,menuurl,isshow,sortid,createdate
    from menu where level = '2' order by sortid
    <!-- where user_name = #{user_name,jdbcType=VARCHAR} -->
  </select>
</mapper>