<beans xmlns="http://www.springframework.org/schema/beans"
	xmlns:xsi="http://www.w3.org/2001/XMLSchema-instance" xmlns:mvc="http://www.springframework.org/schema/mvc"
	xmlns:context="http://www.springframework.org/schema/context"
	xmlns:aop="http://www.springframework.org/schema/aop" xmlns:tx="http://www.springframework.org/schema/tx"
	xmlns:task="http://www.springframework.org/schema/task" xmlns:dubbo="http://code.alibabatech.com/schema/dubbo"
	xsi:schemaLocation="http://www.springframework.org/schema/beans 
		http://www.springframework.org/schema/beans/spring-beans-4.0.xsd 
		http://www.springframework.org/schema/mvc 
		http://www.springframework.org/schema/mvc/spring-mvc-4.0.xsd 
		http://www.springframework.org/schema/context 
		http://www.springframework.org/schema/context/spring-context-4.0.xsd 
		http://www.springframework.org/schema/aop 
		http://www.springframework.org/schema/aop/spring-aop-4.0.xsd 
		http://www.springframework.org/schema/tx 
		http://www.springframework.org/schema/tx/spring-tx-4.0.xsd
		http://www.springframework.org/schema/task
   		http://www.springframework.org/schema/task/spring-task-4.0.xsd
		http://code.alibabatech.com/schema/dubbo        
		http://code.alibabatech.com/schema/dubbo/dubbo.xsd">

	<!-- 配置 读取properties文件 jdbc.properties -->
	<context:property-placeholder location="classpath:jdbc.properties" />

	<!-- 配置 数据源 -->
	<bean id="dataSource" class="com.mchange.v2.c3p0.ComboPooledDataSource">
		<property name="user" value="${${db}User}" />
		<property name="password" value="${${db}Password}" />
		<property name="jdbcUrl" value="${${db}Url}" />
		<property name="driverClass" value="${${db}Driver}" />
		<!-- 指定连接数据库连接池的最小连接数 -->
		<property name="minPoolSize" value="10" />    <!-- 指定连接数据库连接池的最大连接数 -->
		<property name="maxPoolSize" value="100" />    <!-- 指定连接数据库连接池的连接的最大空闲时间 -->
		<property name="maxIdleTime" value="1800" />
		<property name="acquireIncrement" value="2" />
		<property name="maxStatements" value="1" />    <!-- 指定连接数据库连接池的初始化连接数 -->
		<property name="initialPoolSize" value="2" />
		<property name="idleConnectionTestPeriod" value="1800" />
		<property name="acquireRetryAttempts" value="30" />
		<property name="breakAfterAcquireFailure" value="true" />
		<property name="testConnectionOnCheckout" value="false" />
	</bean>

	<!-- 配置 Mybatis的工厂 -->
	<bean class="org.mybatis.spring.SqlSessionFactoryBean">
		<!-- 数据源 -->
		<property name="dataSource" ref="dataSource" />
		<!-- 配置Mybatis的核心 配置文件所在位置 -->
		<property name="configLocation" value="classpath:SqlMapConfig.xml" />
		<!-- 配置pojo别名 -->
		<property name="typeAliasesPackage" value="cn.itcast.core.bean"></property>
	</bean>

	<!-- 配置 1：原始Dao开发 接口实现类 Mapper.xml 三个 2：接口开发 接口 不写实现类 Mapper.xml 二个 （UserDao、ProductDao 
		、BrandDao。。。。。。。） 3：接口开发、并支持扫描 cn.itcast.core.dao(UserDao。。。。。） 写在此包下即可被扫描到 -->
	<bean class="org.mybatis.spring.mapper.MapperScannerConfigurer">
		<property name="basePackage" value="cn.itcast.core.dao" />
	</bean>

</beans>
