<?xml version="1.0" encoding="UTF-8"?>
<!DOCTYPE generatorConfiguration PUBLIC "-//mybatis.org//DTD MyBatis Generator Configuration 1.0//EN" "http://mybatis.org/dtd/mybatis-generator-config_1_0.dtd">
<generatorConfiguration>
  <context id="context1">
    <jdbcConnection connectionURL="???" driverClass="???" password="???" userId="???" />
    <javaModelGenerator targetPackage="???" targetProject="???" />
    <sqlMapGenerator targetPackage="???" targetProject="???" />
    <javaClientGenerator targetPackage="???" targetProject="???" type="XMLMAPPER" />
    <table schema="???" tableName="???">
      <columnOverride column="???" property="???" />
    </table>
  </context>
</generatorConfiguration>