<beans xmlns="http://www.springframework.org/schema/beans"
	xmlns:xsi="http://www.w3.org/2001/XMLSchema-instance" xmlns:mvc="http://www.springframework.org/schema/mvc"
	xmlns:context="http://www.springframework.org/schema/context"
	xmlns:aop="http://www.springframework.org/schema/aop" 
	xmlns:tx="http://www.springframework.org/schema/tx"
	xmlns:task="http://www.springframework.org/schema/task"
	xmlns:dubbo="http://code.alibabatech.com/schema/dubbo"
	xsi:schemaLocation="http://www.springframework.org/schema/beans 
		http://www.springframework.org/schema/beans/spring-beans-4.0.xsd 
		http://www.springframework.org/schema/mvc 
		http://www.springframework.org/schema/mvc/spring-mvc-4.0.xsd 
		http://www.springframework.org/schema/context 
		http://www.springframework.org/schema/context/spring-context-4.0.xsd 
		http://www.springframework.org/schema/aop 
		http://www.springframework.org/schema/aop/spring-aop-4.0.xsd 
		http://www.springframework.org/schema/tx 
		http://www.springframework.org/schema/tx/spring-tx-4.0.xsd
		http://www.springframework.org/schema/task
   		http://www.springframework.org/schema/task/spring-task-4.0.xsd
		http://code.alibabatech.com/schema/dubbo        
		http://code.alibabatech.com/schema/dubbo/dubbo.xsd">
		
		<!-- 加载属性文件 -->
		<context:property-placeholder location="classpath:resource.properties"/>
		<!-- 配置扫描 器 -->
		<context:component-scan base-package="cn.itcast.core.web.controller"/>
		<!-- 配置处理器映射器  适配器 -->
		<mvc:annotation-driven/>
		
		<!-- 配置视图解释器 jsp -->
		<!-- <bean id="jspViewResolver" class="org.springframework.web.servlet.view.InternalResourceViewResolver">
			<property name="prefix" value="/WEB-INF/jsp/"/>
			<property name="suffix" value=".html"/>
		</bean> -->
		<!-- freemarker  -->
   <!-- FreeMarker视图解析器  -->  
    <bean id="freemarkerResolver" class="org.springframework.web.servlet.view.freemarker.FreeMarkerViewResolver">  
        <property name="prefix" value="/WEB-INF/jsp/"/>
        <property name="suffix" value=".html" />  
        <property name="order" value="0" />          
        <property name="contentType" value="text/html;charset=utf-8" />  
        <property name="viewClass">  
            <value>org.springframework.web.servlet.view.freemarker.FreeMarkerView</value>  
        </property>  
    </bean> 
    <!-- freemarker的配置 -->    
    <bean id="freemarkerConfig" class="org.springframework.web.servlet.view.freemarker.FreeMarkerConfigurer">  
        <property name="templateLoaderPath" value="/"/>    
        <property name="defaultEncoding" value="UTF-8"/><!-- 设置FreeMarker环境属性 -->  
    </bean>
    <!-- SpringMVC上传文件时,需配置MultipartResolver处理器 -->
    <bean id="multipartResolver" class="org.springframework.web.multipart.commons.CommonsMultipartResolver">
       <!--  指定所上传文件的总大小不能超过104857600......注意maxUploadSize属性的限制不是针对单个文件,而是所有文件的容量之和 -->
        <property name="maxUploadSize" value="104857600" />
        <property name="maxInMemorySize" value="4096"/>
    </bean>
	<!-- 拦截器 -->
<mvc:interceptors>
	<!-- 多个拦截器，顺序执行 -->
	<!-- 登录认证拦截器 -->
	<mvc:interceptor>
		<mvc:mapping path="/**"/>
		<bean class="cn.itcast.core.shiro.LoginInterceptor"/>
	</mvc:interceptor>
</mvc:interceptors>	
</beans>
